Rk,Player,Pos,Age,Tm,G,MP,PER,TS%,3PAr,FTr,ORB%,DRB%,TRB%,AST%,STL%,BLK%,TOV%,USG%,,OWS,DWS,WS,WS/48,,OBPM,DBPM,BPM,VORP
1,Zaid Abdul-Aziz,PF-C,31,TOT,16,158,11.4,0.449,,0.383,12.4,20.9,16.6,8.5,0.9,1,16.6,21.1,,0,0.1,0.1,0.033,,-3.2,-0.8,-4,-0.1
1,Zaid Abdul-Aziz,C,31,BOS,2,24,11.5,0.279,,0.231,26,37.3,31.8,16.5,1.9,2.1,17.3,28,,-0.1,0.1,0,-0.062,,-4.1,-0.2,-4.3,0
1,Zaid Abdul-Aziz,PF,31,HOU,14,134,11.4,0.493,,0.426,10,17.9,13.8,7,0.7,0.8,16.5,19.9,,0.1,0,0.1,0.05,,-3,-0.9,-4,-0.1
2,Kareem Abdul-Jabbar*,C,30,LAL,62,2265,29.2,0.589,,0.29,8.7,26.8,18.1,18.3,2.1,4.1,13.3,27,,7.7,4.4,12.1,0.257,,6.5,2.9,9.3,6.5
3,Tom Abernethy,SF,23,LAL,73,1317,15.6,0.544,,0.275,8.5,12,10.3,9.7,1.9,0.8,9.9,14.9,,2.9,1.3,4.1,0.15,,1.5,0.4,1.9,1.3
4,Alvan Adams,C,23,PHO,70,1914,17.7,0.528,,0.327,8.4,22.2,15.2,16.4,1.9,1.7,18.6,24.5,,1.5,3.4,4.9,0.123,,0.1,0.9,1,1.5
5,Lucius Allen,PG,30,KCK,77,2147,13.3,0.488,,0.26,3.1,7.8,5.5,22.8,1.9,0.7,18.7,20.6,,0.7,1.4,2.1,0.046,,-0.3,-0.7,-1,0.6
6,Jim Ard,C,29,TOT,15,125,3.2,0.495,,0.294,7.8,23.2,15.6,8.1,0,0,42.2,10.7,,-0.2,0.1,-0.1,-0.041,,-4.6,-0.5,-5.2,-0.1
6,Jim Ard,C,29,BOS,1,9,9.4,0.266,,2,11.6,33.1,22.6,12.6,0,0,0,8.1,,0,0,0,0.081,,-4.2,0,-4.2,0
6,Jim Ard,C,29,CHI,14,116,2.7,0.52,,0.188,7.5,22.4,15,7.8,0,0,44.7,10.9,,-0.2,0.1,-0.1,-0.05,,-4.7,-0.6,-5.2,-0.1
7,Tate Armstrong,SG,22,CHI,66,716,11.1,0.487,,0.096,3.7,6.7,5.2,15.7,1.5,0,16.6,19.7,,0.1,0.3,0.4,0.027,,-1.2,-1.5,-2.7,-0.1
8,Bird Averitt,SG,25,TOT,55,1085,10.3,0.454,,0.291,1.6,6.4,3.9,26.3,1.6,0.4,20.8,24.6,,-1.2,0.5,-0.7,-0.03,,-2.7,-2,-4.7,-0.7
8,Bird Averitt,SG,25,NJN,21,409,8.2,0.419,,0.239,1.6,6.5,3.9,23,1.8,0.1,20.9,23.7,,-0.8,0.3,-0.5,-0.059,,-4,-1.9,-5.9,-0.4
8,Bird Averitt,SG,25,BUF,34,676,11.5,0.476,,0.324,1.6,6.3,4,28.2,1.5,0.6,20.6,25.2,,-0.4,0.2,-0.2,-0.013,,-1.8,-2.1,-3.9,-0.3
9,Dennis Awtrey,C,29,PHO,81,1623,6.1,0.47,,0.413,6,13.2,9.6,11.5,0.5,0.8,28.9,10.1,,-0.6,1.6,1,0.03,,-2.9,-0.2,-3.1,-0.5
10,Gus Bailey,SG,26,NOJ,48,449,11.8,0.46,,0.482,9.6,8,8.8,11.6,1.8,1.7,16.4,17,,0.1,0.4,0.5,0.059,,-0.8,0.4,-0.4,0.2
11,Greg Ballard,SF,23,WSB,76,936,14.1,0.484,,0.341,10.7,17.5,14.1,8.8,1.4,0.7,14.3,18,,1,1.1,2,0.104,,0,-0.1,-0.1,0.5
12,Mike Bantom,SF,26,IND,82,2775,14.8,0.525,,0.327,6.3,15.3,10.7,12.2,1.6,0.9,15.4,19.2,,3.3,2.6,5.9,0.102,,0.1,0,0.1,1.5
13,Marvin Barnes,PF,25,TOT,60,1646,13.9,0.463,,0.275,8.8,19.6,14.2,11.8,1.8,2.6,15.5,21.1,,0.1,1.9,2,0.06,,-1.5,0.6,-0.9,0.4
13,Marvin Barnes,PF,25,DET,12,269,13,0.459,,0.246,11.1,24.2,17.8,10.1,1.2,2.1,18.2,22.7,,-0.1,0.3,0.2,0.038,,-2.5,-0.3,-2.9,-0.1
13,Marvin Barnes,PF,25,BUF,48,1377,14.1,0.464,,0.282,8.4,18.7,13.6,12.2,1.9,2.7,14.9,20.8,,0.3,1.6,1.8,0.064,,-1.4,0.8,-0.5,0.5
14,Rick Barry*,SF,33,GSW,82,3024,20.9,0.509,,0.243,2.5,12.8,7.5,22.6,2.4,0.8,10.7,27.1,,5.9,3.8,9.7,0.154,,2.9,0.7,3.6,4.3
15,Tim Bassett,PF,26,NJN,65,1474,8.6,0.408,,0.253,8.9,18.1,13.3,5.4,1.8,1.2,15.8,12.7,,-0.7,1.8,1.1,0.036,,-3.1,0.3,-2.8,-0.3
16,Butch Beard,PG,30,NYK,79,1979,14.6,0.544,,0.261,4,9.6,6.9,21.5,2.6,0.1,18.4,16,,2.8,1.6,4.4,0.107,,-0.1,0.5,0.4,1.2
17,Ron Behagen,PF,27,TOT,80,1735,14.2,0.477,,0.307,11.3,18.9,15,8.7,1.6,1,16,24.1,,0.4,2,2.4,0.066,,-1.4,-1.2,-2.6,-0.3
17,Ron Behagen,PF,27,ATL,26,571,15.9,0.509,,0.281,9.8,23.7,16.5,9.4,2.4,1.2,17.2,23.8,,0.3,1,1.2,0.103,,-1.1,0.1,-0.9,0.2
17,Ron Behagen,PF,27,HOU,3,33,11.6,0.612,,0.091,6.3,16.5,11.2,8.9,0,0,20.8,17.4,,0,0,0,0.045,,-3.6,-0.3,-3.8,0
17,Ron Behagen,PF,27,IND,51,1131,13.5,0.46,,0.324,12.3,16.5,14.3,8.4,1.3,0.9,15.4,24.4,,0.1,1,1.1,0.048,,-1.6,-1.9,-3.5,-0.4
18,Mel Bennett,PF,23,IND,31,285,7.6,0.367,,0.556,16.3,15.4,15.9,9.6,1.7,1.3,22.9,17.2,,-0.4,0.3,-0.1,-0.014,,-4.2,-0.8,-5,-0.2
19,Kent Benson,C,23,MIL,69,1288,13.2,0.497,,0.298,7.2,17.2,12.1,9.8,2.4,2.2,18.2,19.3,,0.2,1.5,1.7,0.064,,-1.8,0.6,-1.2,0.3
20,Henry Bibby,PG,28,PHI,82,2518,11.7,0.492,,0.332,2.6,7.3,5,23,1.6,0.1,16.8,13.6,,2.9,1.7,4.7,0.089,,-0.4,-0.3,-0.7,0.8
21,Bob Bigelow,SF,24,TOT,5,24,6.7,0.308,,0,12.8,25.2,19.1,0,0,0,0,21,,0,0,0,-0.027,,-4.6,-0.4,-5,0
21,Bob Bigelow,SF,24,KCK,1,7,21.4,1,,0,29.1,44,36.5,0,0,0,0,5.4,,0,0,0,0.318,,-4.2,0,-4.1,0
21,Bob Bigelow,SF,24,BOS,4,17,0.6,0.25,,0,6.1,17.5,12,0,0,0,0,27.3,,-0.1,0,-0.1,-0.169,,-4.7,-0.6,-5.4,-0.1
22,Dave Bing*,PG,34,BOS,80,2256,13.4,0.508,,0.315,3.5,6,4.8,19.2,1.6,0.4,16.8,22.1,,2,1.6,3.6,0.076,,-0.7,-0.6,-1.2,0.4
23,Otis Birdsong,SG,22,KCK,73,1878,17.1,0.53,,0.325,3.8,5.7,4.8,14.1,1.7,0.3,11.7,25.1,,3.3,0.9,4.2,0.108,,1.3,-1,0.3,1.1
24,Tom Boerwinkle,C,32,CHI,22,227,10.3,0.503,,0.26,6.7,21.5,14.2,26.1,0.6,1,31.8,14.5,,0,0.2,0.2,0.035,,-2.2,0.9,-1.3,0.1
25,Phil Bond,SG,23,HOU,7,21,5.3,0.333,,0,4.9,15.6,10.1,11.9,2.3,0,25,15.2,,-0.1,0,0,-0.092,,-4.4,-0.1,-4.5,0
26,Ron Boone,SG,31,KCK,82,2653,14,0.504,,0.297,4.3,6.1,5.2,16.8,1.8,0.2,17.4,25,,1.3,1.3,2.6,0.047,,-0.3,-1.6,-1.9,0
27,Jim Bostic,PF,25,DET,4,48,18.9,0.537,,0.227,17.8,17.2,17.5,9.7,0,0,11,21.7,,0.1,0,0.1,0.144,,-2,-0.7,-2.7,0
28,Tom Boswell,PF,24,BOS,65,1149,12.9,0.563,,0.345,10.6,14.8,12.7,8.6,1,0.6,18.8,17.1,,1.6,1.1,2.7,0.111,,-1.3,-0.2,-1.5,0.1
29,Freddie Boyd,SG,27,NOJ,21,363,7.7,0.426,,0.2,0.5,4.4,2.5,16.9,1.1,0.4,14.3,14.6,,-0.1,0.2,0.1,0.013,,-3.1,-0.6,-3.7,-0.2
30,Alonzo Bradley,SF,24,HOU,43,798,9,0.459,,0.194,3.1,10.3,6.6,9.3,0.9,0.4,14.3,19.2,,-0.1,0,-0.1,-0.005,,-2.6,-1.8,-4.5,-0.5
31,Mike Bratz,PG,22,PHO,80,933,9.5,0.44,,0.172,4.6,8.2,6.3,17.1,1.8,0.3,17.3,20.5,,-0.6,1,0.4,0.022,,-3.2,-0.7,-4,-0.5
32,Jim Brewer,PF,26,CLE,80,1798,10.5,0.456,,0.256,10.1,17.8,13.9,7,1.5,1.4,19.2,11.9,,0.2,2.5,2.6,0.07,,-1.6,0.8,-0.8,0.6
33,Junior Bridgeman,SF,24,MIL,82,1876,17,0.539,,0.216,6.3,10.1,8.2,13.4,1.7,0.8,14.5,24.5,,2.9,1.1,4,0.102,,1.1,-1.2,-0.1,0.9
34,Allan Bristow,SF,26,SAS,82,1481,14.6,0.529,,0.387,7.3,10.7,9.1,16.7,2.1,0.1,18.8,20.2,,1.6,1.2,2.8,0.089,,0,-0.7,-0.7,0.5
35,Wayman Britt,SG,25,DET,7,16,13.5,0.383,,0.4,6.7,19.4,13.1,17.7,2.8,0,7.8,30.5,,0,0,0,0.046,,-4.5,0,-4.5,0
36,Gary Brokaw,SG,24,BUF,13,130,13.3,0.504,,0.558,2.5,7.4,5,21.3,1.1,2,18.3,20.1,,0.1,0.1,0.1,0.053,,-1.4,-0.2,-1.6,0.1
37,Fred Brown,SG,29,SEA,72,1965,19.6,0.528,,0.188,3,6.9,4.9,19.9,2.6,0.7,12.7,25,,4.1,2.5,6.7,0.163,,2.5,1,3.5,2.8
38,John Brown,SF,26,ATL,75,1594,11.4,0.557,,0.494,9.1,11.7,10.3,9.1,1.6,0.3,19,15.4,,2.1,1.5,3.7,0.11,,-1.4,-0.3,-1.7,0.1
39,Joe Bryant,PF,23,PHI,81,1236,12.6,0.492,,0.33,8.8,14,11.5,13.7,2,1,18.7,18.8,,0.8,1.4,2.2,0.086,,-1.1,0.2,-0.9,0.3
40,Quinn Buckner,PG,23,MIL,82,2072,14.4,0.499,,0.303,3.9,8.8,6.3,27.5,4,0.5,23.1,18.1,,0.8,2.3,3.2,0.073,,-1.4,1.4,0.1,1.1
41,Ticky Burden,SG,24,NYK,2,15,6.9,0.5,,0,0,0,0,7.5,2.9,0,0,5,,0,0,0,0.067,,-4.1,0.1,-4,0
42,Tom Burleson,C,25,KCK,76,1525,16.5,0.515,,0.472,11.4,21,16.2,11.3,1.8,2.8,16.2,18.9,,2.2,2,4.3,0.134,,-0.1,1,0.9,1.1
43,Don Buse,PG,27,PHO,82,2547,12.5,0.5,,0.217,2.3,7.8,5,18.5,3.1,0.3,15.3,11.8,,2.4,3.6,6,0.113,,-1.1,2.1,1,1.9
44,Corky Calhoun,SF,27,POR,79,1370,10.8,0.522,,0.208,5.7,10.6,8.2,8.2,1.4,0.6,13.8,13.3,,1.5,1.6,3.1,0.109,,-0.6,0.4,-0.2,0.6
45,Mack Calvin,PG,30,DEN,77,988,14,0.551,,0.619,1.2,7.3,4.4,20.1,2.1,0.3,20.3,20.6,,1.2,0.7,1.8,0.09,,-0.8,-0.9,-1.6,0.1
46,Austin Carr,SG,29,CLE,82,2186,13.6,0.484,,0.238,3.5,5.2,4.3,14.9,1.4,0.5,12.3,21.6,,1.8,1.6,3.4,0.074,,-0.4,-0.6,-1,0.5
47,Kenny Carr,PF,22,LAL,52,733,9.2,0.476,,0.281,7.7,20.9,14.5,4.7,1.1,1,20.8,22.8,,-0.9,0.9,0,-0.001,,-5.2,-1.4,-6.6,-0.9
48,M.L. Carr,SF,27,DET,79,2556,13.6,0.502,,0.316,8.4,14.3,11.4,9.8,2.6,0.5,17.7,17.8,,1.7,2.8,4.5,0.085,,-0.4,0.4,0,1.3
49,Bob Carrington,SG,24,TOT,72,1653,9.7,0.479,,0.29,4,6.4,5.1,9.7,1.7,0.7,15.1,17.6,,0.2,1.1,1.3,0.038,,-2.8,-0.3,-3.1,-0.4
49,Bob Carrington,SG,24,NJN,37,1032,8.3,0.444,,0.247,3.8,6.9,5.3,7.2,1.8,0.6,13.2,17.9,,-0.4,0.8,0.4,0.017,,-3.9,-0.3,-4.2,-0.6
49,Bob Carrington,SG,24,IND,35,621,12.1,0.545,,0.376,4.3,5.5,4.9,13.7,1.6,0.9,18.5,17,,0.6,0.3,1,0.074,,-0.9,-0.3,-1.2,0.1
50,Harvey Catchings,C,26,PHI,61,748,11.2,0.43,,0.309,14.8,19,16.9,5.5,1.2,4.6,17.9,12.5,,0.2,1.1,1.4,0.087,,-1.9,0.9,-1,0.2
51,Don Chaney,SG,31,TOT,51,835,8.1,0.426,,0.167,5,9,7.1,10.2,2.4,0.8,17.4,16.2,,-0.6,0.9,0.3,0.019,,-3.5,0.9,-2.7,-0.1
51,Don Chaney,SG,31,LAL,9,133,7.2,0.401,,0.167,3.2,5.2,4.2,15.1,2.7,1.1,22.2,14.6,,-0.1,0.1,0,-0.008,,-3.2,0.5,-2.7,0
51,Don Chaney,SG,31,BOS,42,702,8.2,0.43,,0.167,5.3,9.8,7.6,9.3,2.3,0.7,16.7,16.6,,-0.4,0.8,0.4,0.024,,-3.6,0.9,-2.7,-0.1
52,Ken Charles,SG,26,ATL,21,520,11.1,0.456,,0.272,1.2,3.9,2.5,22.5,2.2,0.6,15.2,18.8,,0.1,0.4,0.6,0.051,,-1.5,-0.3,-1.8,0
53,Phil Chenier,SG,27,WSB,36,937,14.8,0.497,,0.306,1.6,9.3,5.4,11.3,1.7,0.5,11.6,23.2,,1,0.8,1.8,0.091,,-0.3,-0.1,-0.4,0.4
54,Jim Chones,C,28,CLE,82,2906,14.9,0.503,,0.225,7.6,22,14.7,6.5,0.8,1,13.1,19.2,,2.6,3.8,6.4,0.105,,-0.2,-0.4,-0.6,1
55,Jim Cleamons,PG,28,NYK,79,2009,10.4,0.518,,0.23,3.6,7.2,5.5,16.6,1.5,0.4,18.6,11.4,,1.8,0.9,2.7,0.065,,-0.7,-0.2,-0.9,0.6
56,E.C. Coleman,PF,27,GSW,72,1801,9.1,0.493,,0.123,6.5,14.9,10.6,7.1,1.7,0.7,16.8,12.3,,0.6,2.1,2.7,0.071,,-2.7,0.6,-2.2,-0.1
57,Doug Collins,SG,26,PHI,79,2770,16.9,0.568,,0.269,3.3,5,4.2,16.9,2,0.5,15.5,22.1,,5.6,2,7.6,0.132,,1.5,-0.5,0.9,2.1
58,Norm Cook,SF,22,DEN,2,10,3.8,0.333,,0,10.7,19.8,15.4,12.6,0,0,0,11.5,,0,0,0,0.064,,-4.6,-0.1,-4.7,0
59,Dave Cowens*,C,29,BOS,77,3215,18.6,0.533,,0.233,8,25.6,17,15.7,1.4,1.1,13.9,18.8,,6.1,4.8,10.8,0.162,,2.1,1.3,3.4,4.4
60,Wesley Cox,SF,23,GSW,43,453,11.7,0.452,,0.578,9.2,23.1,16,3.5,2.1,1.2,14.2,21.9,,-0.2,0.8,0.6,0.062,,-3.9,-0.6,-4.5,-0.3
61,Charlie Criss,PG,29,ATL,77,1935,14.8,0.496,,0.394,1.3,5.6,3.4,22.5,2.6,0.2,14.5,21.4,,1.9,1.8,3.7,0.092,,0,-0.2,-0.1,0.9
62,Mark Crow,SF,23,NJN,15,154,12.8,0.473,,0.25,8.4,8.6,8.5,7.8,1.4,0.3,11.9,24.1,,0.1,0.1,0.2,0.051,,-2.2,-1,-3.2,0
63,Louie Dampier*,PG,33,SAS,82,2037,13.7,0.531,,0.153,1.3,4.8,3.1,17.6,1.9,0.3,11.9,15.2,,3,1,4,0.094,,0.2,-0.4,-0.2,0.9
64,Bob Dandridge,SF,30,WSB,75,2777,16.1,0.528,,0.352,4.9,10.9,7.9,14.7,1.6,0.8,14.9,21.9,,4.2,2.6,6.8,0.118,,0.8,0.3,1.1,2.2
65,Adrian Dantley*,SF,22,TOT,79,2933,20.9,0.595,,0.603,9.2,12,10.6,11.8,1.8,0.4,13.8,21.7,,9.6,2.5,12.2,0.199,,3.9,-0.4,3.5,4.1
65,Adrian Dantley*,SF,22,IND,23,948,23.4,0.587,,0.653,9.4,12.8,11.1,10.2,2.2,0.9,11.4,23.2,,3.5,0.9,4.5,0.225,,5.1,0.2,5.3,1.7
65,Adrian Dantley*,SF,22,LAL,56,1985,19.8,0.599,,0.575,9.1,11.6,10.4,12.6,1.6,0.2,15.1,21,,6.1,1.6,7.7,0.186,,3.4,-0.7,2.6,2.3
66,Brad Davis,PG,22,LAL,33,334,10.5,0.484,,0.403,1.3,9.2,5.4,29.1,2,0.3,29.2,14,,0,0.3,0.3,0.041,,-2.3,-0.1,-2.4,0
67,Johnny Davis,SG,22,POR,82,2188,12.1,0.511,,0.3,3.2,5,4.1,13.3,1.7,0.3,15,18.2,,2.1,2.2,4.3,0.094,,-0.8,-0.2,-1,0.6
68,Walter Davis,SF,23,PHO,81,2590,22.1,0.577,,0.312,6.2,13.2,9.6,16.5,1.9,0.4,14.3,28.5,,6.7,3.4,10.1,0.187,,3.7,-0.4,3.3,3.5
69,Darryl Dawkins,C,21,PHI,70,1722,18,0.608,,0.381,7.1,24.9,16.3,6.8,0.9,3.7,15.4,17.5,,3.6,2.7,6.4,0.178,,0.7,1.1,1.8,1.7
70,Derrek Dickey,PF,26,TOT,47,493,10.5,0.477,,0.182,7.6,13.2,10.3,6.1,1.3,0.4,15.8,20.4,,-0.1,0.4,0.3,0.033,,-2.6,-1.1,-3.7,-0.2
70,Derrek Dickey,PF,26,GSW,22,273,14,0.495,,0.131,7.7,10.6,9.1,5.9,1.7,0.4,11,22.2,,0.2,0.3,0.5,0.084,,-1.1,-1,-2.1,0
70,Derrek Dickey,PF,26,CHI,25,220,6.1,0.445,,0.279,7.5,16.3,11.9,6.3,0.9,0.5,23.1,18.2,,-0.3,0.1,-0.1,-0.031,,-4.3,-1.3,-5.6,-0.2
71,Coby Dietrick,PF,29,SAS,79,1876,11.3,0.496,,0.21,4.3,15.3,10,14,1.9,1.4,19.5,15.2,,0.5,2,2.5,0.063,,-1.3,0.7,-0.6,0.7
72,Ernie DiGregorio,PG,27,TOT,52,606,8.5,0.456,,0.158,1.2,7,4.2,29.7,1.3,0.1,29.4,20.3,,-0.9,0.4,-0.6,-0.046,,-2.9,-2.1,-5,-0.5
72,Ernie DiGregorio,PG,27,LAL,25,332,7.1,0.45,,0.2,1.6,5.4,3.5,26.1,0.8,0,29.7,18.2,,-0.5,0.1,-0.4,-0.052,,-3,-2.7,-5.8,-0.3
72,Ernie DiGregorio,PG,27,BOS,27,274,10.1,0.462,,0.119,0.8,9.1,5,34,2,0.2,29.1,22.9,,-0.5,0.2,-0.2,-0.039,,-2.7,-1.3,-4.1,-0.2
73,Jacky Dorsey,SF,23,TOT,11,88,12.2,0.447,,0.516,13.3,21.5,17.6,7.5,1,1.8,13.6,19.5,,0,0.1,0.2,0.092,,-3.3,-0.2,-3.5,0
73,Jacky Dorsey,SF,23,DEN,7,37,9.2,0.317,,0.417,14.4,40.2,27.7,6.6,2.4,2.7,17.4,17.8,,-0.1,0.1,0,0.02,,-4.5,0.2,-4.3,0
73,Jacky Dorsey,SF,23,POR,4,51,14.4,0.524,,0.579,12.5,8,10.2,8.1,0,1.1,11.2,20.8,,0.1,0,0.2,0.145,,-2.5,-0.5,-3,0
74,Leon Douglas,C,23,DET,79,1993,13.6,0.527,,0.517,9.7,20.8,15.3,7.7,1.3,1.2,19.4,19.5,,1.4,2.2,3.6,0.087,,-1.6,-0.4,-2,0
75,John Drew,SF,23,ATL,70,2203,23.7,0.545,,0.465,10.2,15.2,12.6,11.2,2.5,0.7,12.4,31,,6,2.9,8.9,0.194,,4.4,-0.4,3.9,3.3
76,Charles Dudley,PG,27,GSW,78,1660,13.4,0.585,,0.783,5.2,12.6,8.8,29.8,1.9,0.1,32.7,11.8,,1.9,1.8,3.6,0.105,,-0.6,0.5,-0.1,0.8
77,Mike Dunleavy,PG,23,TOT,15,119,15.9,0.458,,0.36,0.9,8.2,4.4,32.3,3.6,0.4,17.2,23.2,,0.1,0.1,0.1,0.057,,-2.4,0.4,-2,0.1
77,Mike Dunleavy,PG,23,PHI,4,17,17.4,0.508,,0.286,0,5.8,3,47.8,2.6,0,27.6,24.2,,0,0,0,0.061,,-3.7,-0.1,-3.8,0
77,Mike Dunleavy,PG,23,HOU,11,102,15.7,0.45,,0.372,1,8.6,4.7,29.7,3.7,0.5,15.2,23.1,,0.1,0.1,0.1,0.056,,-2.2,0.5,-1.7,0.1
78,T.R. Dunn,SG,22,POR,63,768,11.7,0.448,,0.233,8.7,11.1,10,7.6,2.8,0.6,11.7,15.4,,0.4,1.2,1.6,0.099,,-0.7,1.1,0.4,0.5
79,Jim Eakins,C,31,TOT,33,406,11.2,0.614,,0.698,7.7,11.7,9.7,8.4,0.8,2.1,22.7,13.7,,0.6,0.3,0.9,0.105,,-2.1,0,-2.2,0
79,Jim Eakins,C,31,SAS,16,251,11.1,0.665,,0.654,7.4,11.6,9.6,8.1,0.5,2,26.4,14,,0.4,0.2,0.5,0.103,,-2.1,-0.2,-2.2,0
79,Jim Eakins,C,31,MIL,17,155,11.5,0.539,,0.765,8,11.8,9.9,9,1.1,2.3,16.5,13.3,,0.2,0.1,0.3,0.108,,-2.2,0.2,-2.1,0
80,Al Eberhard,SF,25,DET,37,576,10,0.49,,0.381,6.9,11.7,9.3,5.9,1,0.4,11,13.9,,0.6,0.3,0.9,0.078,,-1.3,-0.8,-2.1,0
81,James Edwards,C,22,TOT,83,2405,14.7,0.494,,0.385,8,17.3,12.6,5.1,1,1.7,11.7,22.9,,2.1,2.3,4.5,0.089,,-1,-1.2,-2.2,-0.1
81,James Edwards,C,22,LAL,25,723,14.3,0.499,,0.396,6.5,18.6,12.7,5.4,1,1.9,13.3,23.1,,0.4,0.8,1.2,0.079,,-1.6,-0.9,-2.5,-0.1
81,James Edwards,C,22,IND,58,1682,14.8,0.492,,0.381,8.6,16.7,12.6,4.9,1,1.5,11,22.8,,1.8,1.5,3.3,0.094,,-0.7,-1.4,-2.1,0
82,Bo Ellis,PF,23,DEN,78,1213,9.1,0.462,,0.325,10,15.5,12.9,7.7,1.8,2,21.3,14.6,,-0.3,1.4,1.1,0.044,,-3.2,0.3,-2.9,-0.3
83,Len Elmore,C,25,IND,69,1327,12.5,0.419,,0.342,9.9,21.1,15.4,7.8,2.5,2.8,14.1,14.6,,0.1,2.1,2.1,0.078,,-1.5,1.4,-0.1,0.6
84,Alex English*,SF,24,MIL,82,1552,17.4,0.568,,0.226,9.6,17.4,13.4,11.4,1.2,1.8,16.4,20.3,,2.7,1.3,4,0.123,,1.1,-0.5,0.6,1
85,Julius Erving*,SF,27,PHI,74,2429,21.7,0.555,,0.297,7.7,12.2,10,17.3,2.5,2,14.7,25.1,,6,3.1,9.1,0.179,,4,0.7,4.8,4.1
86,Al Fleming,SF,23,SEA,20,97,10.7,0.52,,0.548,13.1,18.6,15.7,10.1,0,2.8,29.4,21.4,,-0.1,0.1,0,0.018,,-3.9,-0.1,-4.1,-0.1
87,Mike Flynn,PG,24,IND,71,955,11.6,0.476,,0.363,4.7,7.3,6,19.6,1.9,0.5,19.5,15.1,,0.3,0.6,0.8,0.042,,-0.6,-0.1,-0.7,0.3
88,Chris Ford,SG,29,DET,82,2582,12.9,0.51,,0.198,4.8,6,5.4,19.7,2.9,0.3,21.5,16,,1.4,2.2,3.6,0.067,,-0.5,0.6,0.1,1.4
89,Don Ford,PF,25,LAL,79,1945,11.6,0.497,,0.156,5.8,12.5,9.3,9.1,1.6,1.2,12.5,14.1,,1.7,1.8,3.5,0.087,,-0.8,0.4,-0.4,0.8
90,Bayard Forrest,C,23,PHO,64,887,12.2,0.478,,0.433,9.6,19.6,14.5,17.8,1.1,2,22.9,15.4,,0.1,1.3,1.4,0.077,,-1.3,1.2,-0.1,0.4
91,Walt Frazier*,PG,32,CLE,51,1664,17.5,0.52,,0.252,3.3,9.5,6.4,18.5,2.1,0.4,12.5,21.6,,2.8,1.8,4.6,0.132,,1.1,0.7,1.9,1.6
92,World B. Free,SG,24,PHI,76,2050,17.4,0.539,,0.656,4.7,5.7,5.2,20.6,1.5,1,15.3,24.1,,4.6,1.4,6,0.14,,2.1,-1,1.1,1.6
93,Terry Furlow,SG,23,CLE,53,827,15.5,0.485,,0.223,5.7,7.4,6.5,13.5,1.2,0.9,13.7,27,,0.5,0.7,1.1,0.064,,0.5,-1.2,-0.7,0.3
94,Mike Gale,SG,27,SAS,70,2091,13.3,0.51,,0.172,3,8,5.6,21.7,3.3,0.6,22,14.8,,1.1,2.2,3.3,0.076,,-0.7,1.3,0.5,1.3
95,Gus Gerard,SF,24,TOT,57,890,13.2,0.469,,0.273,6.6,12.2,9.5,8.5,1.8,1.4,12.1,21.7,,0.5,0.8,1.3,0.068,,-1.4,-0.3,-1.7,0.1
95,Gus Gerard,SF,24,BUF,10,85,13.5,0.461,,0.375,7.6,10,8.8,15.7,1.1,1.8,13.1,25.2,,0,0,0.1,0.046,,-2.6,-0.4,-2.9,0
95,Gus Gerard,SF,24,DET,47,805,13.2,0.47,,0.262,6.5,12.4,9.5,7.8,1.9,1.4,12,21.4,,0.4,0.8,1.2,0.07,,-1.2,-0.3,-1.6,0.1
96,George Gervin*,SG,25,SAS,82,2857,24.7,0.594,,0.377,4.5,10.6,7.7,16.1,2.1,1.9,14,29.5,,9.2,2.7,12,0.201,,4.8,0,4.8,4.9
97,John Gianelli,C,27,MIL,82,2327,11.7,0.507,,0.196,7.4,15.9,11.5,10.1,1,2,17.7,13.5,,1.4,1.8,3.2,0.066,,-0.6,0,-0.6,0.8
98,Artis Gilmore*,C,28,CHI,82,3067,23.5,0.604,,0.531,11.3,26.6,19,14,0.6,3.2,19.1,25.3,,7.8,3.7,11.5,0.18,,3.8,0.3,4.1,4.7
99,Mike Glenn,SG,22,BUF,56,947,14.3,0.553,,0.176,1.6,7.3,4.5,12.6,1.7,0.3,11.1,18.9,,1.5,0.4,1.9,0.096,,-0.4,-0.3,-0.6,0.3
100,Glen Gondrezick,SF,22,NYK,72,1017,10.1,0.44,,0.357,9.5,15.8,12.7,9.9,2.4,0.9,17.3,17.7,,-0.2,1.1,0.9,0.044,,-3.1,0.1,-2.9,-0.2
101,Gail Goodrich*,SG,34,NOJ,81,2553,16.2,0.545,,0.316,2.9,3.8,3.3,21.8,1.4,0.4,14.6,20.8,,4.9,1.4,6.3,0.118,,1.1,-0.8,0.3,1.5
102,Mike Green,C,26,TOT,72,1382,14.3,0.506,,0.276,10.1,16.8,13.6,7.1,1,3.6,15.4,19,,1.2,1.6,2.8,0.097,,-1.4,0,-1.4,0.2
102,Mike Green,C,26,SEA,9,250,14.2,0.532,,0.356,8.6,14,11.2,5.7,1.1,2.8,17.9,18.7,,0.2,0.3,0.6,0.106,,-0.9,0.4,-0.5,0.1
102,Mike Green,C,26,SAS,63,1132,14.3,0.5,,0.26,10.5,17.4,14.1,7.4,0.9,3.8,14.9,19.1,,1,1.3,2.2,0.095,,-1.5,-0.1,-1.6,0.1
103,Rickey Green,PG,23,GSW,76,1098,9.3,0.41,,0.24,4.4,6.3,5.4,17.6,2.4,0,16,17.6,,-0.7,1.1,0.3,0.014,,-2.9,0,-2.9,-0.3
104,Steve Green,SF,24,IND,44,449,9.9,0.495,,0.438,6.6,8.9,7.7,8.8,1.4,0.2,13.1,14.7,,0.4,0.2,0.7,0.074,,-1.9,-0.5,-2.5,-0.1
105,Kevin Grevey,SF,24,WSB,81,2121,15.5,0.496,,0.273,5.8,7.8,6.8,11,1.3,0.4,11.2,25.2,,2.9,1.5,4.4,0.099,,0.4,-1,-0.6,0.8
106,Greg Griffin,SF,25,PHO,36,422,6.8,0.392,,0.213,10.6,14.6,12.6,7.1,1.6,0,17.4,19.7,,-0.6,0.5,-0.1,-0.011,,-4.9,-1.6,-6.5,-0.5
107,Paul Griffin,PF,24,NOJ,82,1853,10.9,0.506,,0.439,8.3,18,13.2,11.4,2.1,1.2,26,11.8,,0.3,2.6,2.9,0.076,,-1.9,1.8,-0.1,0.9
108,Bob Gross,SF,24,POR,72,2163,16.9,0.569,,0.264,8.9,10.4,9.6,16.2,2.1,1.3,18.2,18,,4,3.1,7.1,0.158,,2.1,1.1,3.2,2.9
109,Ernie Grunfeld,SG,22,MIL,73,1261,12,0.479,,0.31,5.8,10.6,8.1,14.6,1.9,0.8,15.8,18.7,,0.6,0.9,1.4,0.055,,-1.4,-0.5,-1.9,0
110,Glenn Hansen,SG,25,TOT,5,13,-16.4,0,,0,7.8,0,3.9,8.5,3.4,0,12.5,24,,-0.1,0,-0.1,-0.47,,-5.1,-0.2,-5.3,-0.1
110,Glenn Hansen,SG,25,CHI,2,4,-28.8,0,,0,0,0,0,0,0,0,33.3,30.3,,-0.1,0,-0.1,-0.773,,-5.1,-0.3,-5.4,0
110,Glenn Hansen,SG,25,KCK,3,9,-10.9,0,,0,11.3,0,5.7,12.2,4.9,0,0,21.2,,-0.1,0,-0.1,-0.336,,-5.2,-0.1,-5.3,0
111,Joe Hassett,SG,22,SEA,48,404,11.9,0.457,,0.059,3.4,5.8,4.5,15.7,2.4,0,13.9,23,,0,0.5,0.5,0.054,,-2.4,0.1,-2.3,0
112,John Havlicek*,SF,37,BOS,82,2797,14.3,0.495,,0.221,3.5,8.5,6,17.1,1.5,0.4,13.3,21.3,,2.9,2.1,5.1,0.087,,0.2,-0.4,-0.2,1.3
113,Steve Hawes,PF,27,ATL,75,2325,16.1,0.5,,0.251,8.2,24.7,16.2,12.1,1.6,1.5,13.5,19,,2.7,3.5,6.1,0.127,,0.9,0.3,1.2,1.9
114,Bubbles Hawkins,SG,23,NJN,15,343,13.3,0.501,,0.193,5.7,8.6,7.1,15.6,2.8,2,20.9,22.1,,-0.1,0.4,0.3,0.042,,-1.6,1,-0.6,0.1
115,Elvin Hayes*,PF,32,WSB,81,3246,17.1,0.489,,0.365,10.2,22.7,16.4,6.5,1.3,2.4,12.3,21.6,,3.5,4.8,8.3,0.123,,0.4,0.1,0.6,2.1
116,Spencer Haywood*,PF,28,NYK,67,1765,15.7,0.505,,0.158,8.4,17.3,12.9,9.9,0.9,2.1,13.3,22.6,,1.5,1.5,3.1,0.083,,0.1,-1,-0.9,0.5
117,Gar Heard,PF,29,PHO,80,2099,12.9,0.449,,0.235,8,24.2,16,7.7,2.6,2.5,14.8,14.4,,0.1,4.4,4.5,0.103,,-1.5,1.7,0.2,1.2
118,Tom Henderson,PG,26,WSB,75,2315,12.6,0.482,,0.306,2.8,5.5,4.1,23.2,1.8,0.3,18,17.6,,1.4,1.7,3.1,0.064,,-0.5,-0.4,-0.9,0.7
119,Armond Hill,PG,24,ATL,82,2530,11,0.48,,0.305,2.5,7.7,5,23.4,2.8,0.4,22.4,17,,-0.1,2.7,2.6,0.05,,-2,0.5,-1.6,0.3
120,Darnell Hillman,PF,28,TOT,78,1966,13.6,0.507,,0.403,9.9,19.4,14.6,7.1,1.4,2.1,17.3,19.2,,0.8,2.4,3.2,0.079,,-1.5,-0.1,-1.6,0.2
120,Darnell Hillman,PF,28,NJN,45,1220,14.6,0.499,,0.409,9.6,17.7,13.4,5.8,1.7,1.9,15.6,21.2,,0.4,1.5,2,0.077,,-1.2,-0.2,-1.4,0.2
120,Darnell Hillman,PF,28,DEN,33,746,12.1,0.525,,0.388,10.4,22,16.4,9.4,0.8,2.5,21.2,15.9,,0.4,0.9,1.3,0.081,,-2.2,0.1,-2,0
121,Wilbur Holland,SG,26,CHI,82,2884,14.1,0.483,,0.217,4,7.1,5.6,16.8,2.7,0.3,13.7,22.8,,2.2,2.2,4.4,0.073,,-0.7,-0.2,-0.9,0.8
122,Lionel Hollins,PG,24,POR,81,2741,14.3,0.482,,0.25,3.1,7.3,5.3,19.6,2.6,0.6,15.3,22.7,,1.5,3.7,5.2,0.091,,-0.6,0.6,-0.1,1.3
123,Lou Hudson,SG,33,LAL,82,2283,14.2,0.525,,0.178,3.7,4.7,4.2,11.6,1.9,0.3,12.3,20.9,,2.8,1.3,4.2,0.088,,-0.2,-0.7,-1,0.6
124,Kim Hughes,C,25,NJN,56,854,6.8,0.356,,0.181,10.3,17.3,13.6,5.4,2.5,3,24.8,9.9,,-1,1.3,0.4,0.021,,-4.8,2,-2.8,-0.2
125,Dan Issel*,C,29,DEN,82,2851,21.5,0.571,,0.425,9.5,20.1,14.9,16.1,1.6,0.7,14.5,23.9,,7.9,3.1,11.1,0.186,,3.4,-0.4,3,3.6
126,Phil Jackson*,PF,32,NYK,63,654,8.1,0.548,,0.487,4.7,12.6,8.7,8.1,2.1,1.2,25.2,10.8,,0.2,0.6,0.8,0.058,,-2.8,1,-1.8,0
127,Aaron James,SF,25,NOJ,80,2118,13.3,0.523,,0.182,7.5,11.5,9.5,7.6,0.8,0.5,12.3,19,,2.7,1.5,4.3,0.096,,-0.7,-1,-1.7,0.1
128,Charles Johnson,SG,28,TOT,71,1299,10.9,0.43,,0.105,3.3,8.7,6,13.9,2.1,0.2,10.7,20,,-0.1,1.3,1.1,0.042,,-2.6,0.2,-2.4,-0.1
128,Charles Johnson,SG,28,GSW,32,492,11.8,0.416,,0.043,4.7,8.2,6.4,13.8,2.9,0.4,8.8,20.9,,-0.1,0.6,0.4,0.043,,-2.4,0.7,-1.8,0
128,Charles Johnson,SG,28,WSB,39,807,10.3,0.44,,0.147,2.4,9,5.7,14,1.7,0.1,11.9,19.5,,0,0.7,0.7,0.041,,-2.7,0,-2.8,-0.2
129,Dennis Johnson*,SG,23,SEA,81,2209,15.6,0.486,,0.461,6.7,6.8,6.8,14.8,2.4,1.2,13.4,21.1,,2.9,2.9,5.8,0.127,,0.7,1.1,1.8,2.1
130,Eddie Johnson,SG,22,ATL,79,1875,13.6,0.535,,0.293,2.9,6.1,4.4,18.9,2.5,0.1,17.8,20.2,,1.8,1.8,3.5,0.091,,-0.7,0,-0.7,0.6
131,George Johnson,C,29,NJN,81,2411,11.6,0.438,,0.257,9.4,22.6,15.7,6,1.4,5.9,21.6,15.7,,-2.2,4.2,2,0.04,,-3.7,2,-1.7,0.2
132,John Johnson,SF,30,TOT,77,1823,11.9,0.453,,0.215,5.5,12.1,8.7,16.9,1.1,0.6,15.8,22.4,,0.1,2,2.1,0.055,,-1.4,-0.6,-2,0
132,John Johnson,SF,30,HOU,1,11,-2.6,0.376,,0.75,18.8,9.9,14.5,11.3,0,0,36.1,30.1,,-0.1,0,-0.1,-0.281,,-4.9,-0.4,-5.3,0
132,John Johnson,SF,30,SEA,76,1812,11.9,0.453,,0.212,5.4,12.1,8.6,17,1.1,0.6,15.6,22.3,,0.2,2,2.1,0.057,,-1.3,-0.6,-2,0
133,Larry Johnson,SG,23,BUF,4,38,8,0.216,,0.154,2.8,11.2,7.1,23.5,6.1,2.7,17.8,17.7,,-0.2,0.1,-0.1,-0.099,,-3.9,1,-2.9,0
134,Marques Johnson,SF,21,MIL,80,2765,21.3,0.563,,0.34,10.9,21.6,16.2,9.5,1.5,1.9,11.2,21.4,,7.7,3,10.6,0.185,,3.3,-0.5,2.7,3.3
135,Mickey Johnson,PF,25,CHI,81,2870,17.4,0.526,,0.367,8.3,19.7,14,14.4,1.5,1.3,16.1,23.6,,4.4,2.9,7.2,0.121,,1,-0.2,0.8,2
136,Ollie Johnson,SF,28,ATL,82,1704,13.9,0.514,,0.21,5.5,11.3,8.3,10.5,2.2,1.3,13.7,18.5,,1.7,1.9,3.6,0.102,,0.2,0.3,0.6,1.1
137,Bobby Jones*,PF,26,DEN,75,2440,19.8,0.616,,0.364,7.2,19.2,13.4,14.5,2.5,2.6,18,16.9,,5.3,3.6,8.9,0.175,,2.7,2,4.7,4.1
138,Caldwell Jones,C,27,PHI,80,1636,11.3,0.509,,0.426,10.6,24.2,17.6,6.9,0.7,4,23.1,12.8,,0.5,2.5,3.1,0.09,,-2.1,1.2,-1,0.4
139,Dwight Jones,PF,25,HOU,82,2476,12.5,0.496,,0.3,9,18.8,13.7,5.8,1.5,0.8,15.8,16.8,,1.8,1.3,3.1,0.06,,-1,-1,-2,0
140,Robin Jones,C,23,HOU,12,66,7.7,0.533,,0.5,7.8,14.9,11.2,4.2,0.7,0.8,22.3,19,,0,0,0,-0.008,,-4.5,-0.5,-5.1,-0.1
141,Wil Jones,PF,30,BUF,79,1711,9.4,0.473,,0.232,6.7,14.2,10.5,9.3,1.9,1.3,19.5,16.4,,-0.6,1.4,0.9,0.024,,-2.9,0.3,-2.6,-0.3
142,Eddie Jordan,PG,23,TOT,73,1213,15.7,0.459,,0.31,2.7,7.1,4.8,20.4,4.5,0.8,14.8,22,,0.1,1.8,1.9,0.074,,-0.8,2.6,1.8,1.2
142,Eddie Jordan,PG,23,CLE,22,171,10.7,0.397,,0.286,1.2,5.4,3.3,24.4,3.3,0.3,18.2,17.9,,-0.2,0.2,0,0.013,,-2.8,0.6,-2.2,0
142,Eddie Jordan,PG,23,NJN,51,1042,16.6,0.466,,0.313,2.9,7.3,5,19.8,4.7,0.9,14.4,22.7,,0.2,1.6,1.8,0.084,,-0.5,2.9,2.4,1.2
143,George Karl,PG,26,SAS,4,30,3.4,0.436,,0.333,0,16.7,8.7,18.7,1.5,0,36.8,14,,-0.1,0,0,-0.048,,-4.7,-0.1,-4.7,0
144,Rich Kelley,C,24,NOJ,82,2119,17.8,0.571,,0.48,11.5,22.8,17.2,14.5,1.9,3,23.6,17.1,,2.8,3.7,6.4,0.146,,0.3,2.4,2.6,2.5
145,Larry Kenon,SF,25,SAS,81,2869,19,0.533,,0.227,9.4,18.5,14.1,13.1,1.8,0.4,15.1,24.9,,4.5,3,7.5,0.126,,1.7,-1.2,0.5,1.8
146,Bernard King*,SF,21,NJN,79,3092,17.3,0.511,,0.277,7.9,16,11.8,9.9,1.7,0.6,14.3,26,,2.6,3.3,5.9,0.092,,1,-0.9,0.1,1.6
147,Billy Knight,SF,25,BUF,53,2155,18.7,0.558,,0.402,6.3,12.7,9.5,11.5,1.8,0.3,13.3,23.3,,4.7,1.3,6,0.133,,2.5,-0.9,1.6,2
148,Toby Knight,SF,22,NYK,80,1169,12.2,0.499,,0.209,10.9,17.4,14.2,4.3,1.9,1.2,16,19.6,,0.4,1.2,1.6,0.066,,-2.6,-1,-3.6,-0.5
149,Steve Kuberski,PF,30,BOS,3,14,0.6,0.25,,0,7.4,35.5,21.8,0,3.2,0,33.3,16.6,,-0.1,0,0,-0.14,,-4.9,0,-4.9,0
150,John Kuester,PG,22,KCK,78,1215,12.2,0.516,,0.329,1.6,8,4.8,26.3,2.1,0,21,14.5,,1.1,0.8,1.9,0.077,,-1.4,-0.1,-1.5,0.1
151,Kevin Kunnert,C,26,HOU,80,2152,13.6,0.46,,0.16,12.6,21.9,17.1,6.2,1,2.2,13.5,19.3,,1.2,1.4,2.6,0.058,,-1.4,-1.3,-2.8,-0.4
152,Mitch Kupchak,PF,23,WSB,67,1759,17.7,0.564,,0.523,9.1,16.9,12.9,5.9,0.7,1.2,16.3,24.1,,3.2,1.7,4.9,0.134,,0.9,-0.9,0.1,0.9
153,C.J. Kupec,SF,25,HOU,49,626,10,0.461,,0.168,4.4,11.2,7.7,10.5,0.8,0.3,10.2,15,,0.5,0,0.5,0.038,,-1.1,-1.4,-2.5,-0.1
154,Sam Lacey,C,29,KCK,77,2131,15.2,0.494,,0.317,7.4,23.5,15.4,18,2.5,2.7,21.7,15.3,,1,3.4,4.3,0.098,,0.2,2.8,3,2.7
155,Tom LaGarde,C,22,DEN,77,868,8.2,0.505,,0.633,9.2,15.9,12.7,6.9,0.9,1,25,17.8,,-0.3,0.7,0.4,0.024,,-4.1,-1.3,-5.5,-0.8
156,John Lambert,PF,25,CLE,76,1075,10.8,0.435,,0.143,11.7,18.9,15.3,4.7,1.2,2.4,14.8,15.5,,-0.1,1.5,1.5,0.067,,-3,0.2,-2.8,-0.2
157,Mark Landsberger,PF,22,CHI,62,926,14.5,0.539,,0.625,13,22.4,17.7,6.3,1.1,0.4,17.7,16.9,,1.1,0.8,1.9,0.1,,0.5,-1.6,-1.1,0.2
158,Bob Lanier*,C,29,DET,63,2311,24.8,0.58,,0.333,9.1,23.1,16.2,14.9,1.6,2.1,14.5,25.7,,7,3.1,10.1,0.209,,4.7,0.7,5.4,4.3
159,Rich Laurel,SG,23,MIL,10,57,7.5,0.366,,0.129,10.9,7.6,9.3,6.8,2.3,0.9,10.9,24.5,,-0.1,0,0,-0.034,,-4.4,-0.7,-5.1,-0.1
160,Mo Layton,PG,29,SAS,41,498,11.6,0.524,,0.077,0.9,5.6,3.4,27.5,1.9,0.4,25.4,18.1,,0,0.3,0.3,0.031,,-1.5,-1.6,-3.1,-0.1
161,Ron Lee,PG,25,PHO,82,1928,16.2,0.478,,0.24,5,8.6,6.8,21.8,5,0.5,17.4,24.5,,0,3.8,3.8,0.094,,-1.4,2.7,1.3,1.6
162,Scott Lloyd,C,25,TOT,70,678,9.2,0.469,,0.352,8.2,14.6,11.4,8.5,0.9,1.1,16.2,15.5,,0.2,0.4,0.6,0.042,,-2.6,-0.7,-3.4,-0.2
162,Scott Lloyd,C,25,MIL,14,112,7.3,0.401,,0.303,6.5,18.3,12.3,9.5,1.2,2.3,15.8,15,,-0.1,0.1,0,0.017,,-4.2,0.1,-4,-0.1
162,Scott Lloyd,C,25,BUF,56,566,9.6,0.482,,0.363,8.6,13.9,11.3,8.3,0.9,0.8,16.3,15.6,,0.3,0.3,0.6,0.047,,-2.3,-0.9,-3.2,-0.2
163,John Lucas,PG,24,HOU,82,2933,16.4,0.481,,0.264,1.8,7.6,4.6,34.8,2.6,0.2,16.8,17.3,,4.3,0.9,5.2,0.085,,1.5,-0.5,1,2.3
164,Maurice Lucas,PF,25,POR,68,2119,17.3,0.502,,0.273,9.3,20.9,15.3,11.9,1.3,1.4,14.8,24.2,,2.2,3.5,5.8,0.131,,0.7,-0.1,0.6,1.4
165,Moses Malone*,C,22,HOU,59,2107,21.2,0.559,,0.535,18.6,26.2,22.3,2.1,1.1,1.9,17.7,23.5,,4.4,1.7,6.1,0.139,,2.4,-2.6,-0.2,1
166,Pete Maravich*,SG,30,NOJ,50,2041,17.6,0.492,,0.22,2.3,6,4.2,26.1,2.2,0.2,15.3,30.1,,1.3,1.7,2.9,0.069,,1.1,-1.2,-0.1,1
167,Ricky Marsh,SG,23,GSW,60,851,8.4,0.443,,0.114,1.9,7.2,4.5,13.9,1.5,1.2,14.1,16.3,,-0.3,0.8,0.5,0.028,,-3.3,0.3,-3.1,-0.2
168,Cedric Maxwell,SF,22,BOS,72,1213,17.8,0.62,,0.791,11.8,19.7,15.9,7.6,2,2,22.3,17.5,,2.4,1.8,4.2,0.166,,0.8,1.2,2,1.2
169,Scott May,SF,23,CHI,55,1802,12.7,0.516,,0.35,7.2,12.9,10,9.2,1.3,0.2,14.9,18.7,,2.1,1.1,3.1,0.084,,-0.4,-1.3,-1.7,0.2
170,Bob McAdoo*,C,26,NYK,79,3182,22,0.567,,0.412,7.8,24.7,16.4,13.4,1.4,2,15.8,26.1,,6.9,4,10.9,0.165,,2.9,0.1,3,4
171,Andre McCarter,PG,24,KCK,1,9,-7.2,0,,0,0,11.4,5.7,0,0,0,0,8.5,,0,0,0,-0.177,,-4.8,-0.2,-5,0
172,Ted McClain,PG,31,TOT,70,1020,10.2,0.485,,0.261,2.1,9.4,5.8,20.4,2.6,0.3,22.4,15.5,,0,0.8,0.8,0.037,,-2.9,0.5,-2.3,-0.1
172,Ted McClain,PG,31,BUF,41,727,10.5,0.501,,0.342,1.6,9.4,5.5,22.6,2.7,0.1,24.3,15.4,,0,0.5,0.5,0.035,,-2.9,0.5,-2.4,-0.1
172,Ted McClain,PG,31,PHI,29,293,9.3,0.453,,0.104,3.2,9.3,6.4,15,2.4,0.7,18,15.8,,-0.1,0.3,0.3,0.041,,-2.8,0.7,-2.1,0
173,Jim McDaniels,C,29,BUF,42,694,10.2,0.467,,0.179,7.2,20.7,14,8.8,0.3,2.8,16.5,17.4,,-0.1,0.6,0.5,0.035,,-3.1,-0.1,-3.3,-0.2
174,Jim McElroy,PG,24,NOJ,74,1760,13.6,0.512,,0.275,2.4,5.6,4,22.5,1.5,1,17.2,17.7,,1.7,1.2,2.9,0.078,,-0.1,-0.2,-0.3,0.8
175,George McGinnis*,PF,27,PHI,78,2533,20.3,0.521,,0.452,11.7,20.4,16.2,17,2.4,0.5,17,27.4,,4.1,3.8,7.9,0.15,,2,-0.2,1.8,2.5
176,Tom McMillen,C,25,ATL,68,1683,13.3,0.535,,0.255,9.4,17.7,13.5,7.4,0.9,0.6,14.7,17.7,,2.2,1.7,3.9,0.112,,-0.5,-1.1,-1.6,0.2
177,Jim McMillian,SF,29,NYK,81,1977,12.5,0.507,,0.215,4.3,10.7,7.6,12.8,1.7,0.4,13.2,15.1,,2.1,1.3,3.4,0.083,,-0.1,-0.2,-0.3,0.8
178,Larry McNeill,PF,27,TOT,46,940,15.3,0.542,,0.492,9.2,13.8,11.5,7.3,0.9,0.6,13.4,21.2,,1.8,0.5,2.3,0.117,,0.4,-1.5,-1.1,0.2
178,Larry McNeill,PF,27,GSW,9,67,6.5,0.512,,1.056,3,18.6,10.6,3.7,0,0.8,21,19.5,,0,0.1,0.1,0.036,,-4.7,-0.5,-5.2,-0.1
178,Larry McNeill,PF,27,BUF,37,873,16,0.543,,0.462,9.6,13.4,11.5,7.5,0.9,0.6,12.9,21.4,,1.8,0.4,2.2,0.123,,0.8,-1.6,-0.8,0.3
179,John Mengelt,SG,28,CHI,81,1767,14.5,0.535,,0.353,2.5,5.4,4,19.9,1.4,0.1,13.7,20.6,,3.2,0.6,3.9,0.105,,0.4,-1.3,-0.9,0.5
180,Joe Meriweather,C,24,NOJ,54,1277,13.7,0.506,,0.324,10.3,17.6,14,6.1,0.6,4.6,16.7,16.7,,0.8,1.7,2.6,0.096,,-2,1.1,-1,0.3
181,Dave Meyers,PF,24,MIL,80,2416,15.4,0.522,,0.464,6.2,17.5,11.7,12.9,1.6,1,15.9,21.1,,2.9,2.1,5,0.099,,0.1,-0.5,-0.4,1
182,Steve Mix,SF,30,PHI,82,1819,14.8,0.576,,0.393,5.5,10.8,8.3,12.7,2.1,0.1,16.6,16.4,,3.3,1.7,5.1,0.134,,0.8,0.2,1,1.4
183,Larry Moffett,SF,23,HOU,20,110,4,0.374,,0.588,9.4,10.9,10.1,7.5,0.9,1,27.2,10.7,,-0.1,0,-0.1,-0.042,,-4.1,-0.6,-4.6,-0.1
184,Eric Money,PG,22,DET,76,2557,15.4,0.531,,0.248,3.8,4.8,4.3,21.1,2.1,0.2,19.5,24.7,,2,1.6,3.6,0.067,,0.2,-1.2,-1.1,0.6
185,Earl Monroe*,SG,33,NYK,76,2369,16.9,0.541,,0.259,2.1,5.8,4,21.2,1.1,0.4,12.5,22.9,,5,0.7,5.8,0.117,,1.6,-1.7,-0.1,1.1
186,Glenn Mosley,PF,22,PHI,6,21,0.6,0.404,,0.538,0,23.3,12.1,14.1,0,0,23.7,38,,-0.1,0,-0.1,-0.228,,-5.4,-0.5,-5.9,-0.1
187,Calvin Murphy*,SG,29,HOU,76,2900,19.5,0.525,,0.154,2,4,3,14.9,1.8,0.1,8.5,27.9,,7.5,-0.1,7.4,0.122,,2.6,-1.3,1.3,2.4
188,Bob Nash,SF,27,KCK,66,800,16.2,0.544,,0.227,9.6,12.1,10.8,8.1,1.5,1.2,12.3,18.2,,1.5,0.6,2.1,0.123,,1.6,-0.5,1.1,0.6
189,Swen Nater,C,28,BUF,78,2778,16.9,0.543,,0.274,10.8,28.8,19.9,11.4,0.7,0.9,16.8,19.2,,4,2.8,6.8,0.117,,1.1,-0.8,0.3,1.6
190,Lloyd Neal,PF,27,POR,61,1174,19.8,0.543,,0.328,10.5,22.3,16.5,10.3,1.1,1,13.4,24,,2.4,1.9,4.3,0.178,,2.1,-0.4,1.8,1.1
191,Louie Nelson,SG,26,TOT,33,406,12.5,0.458,,0.398,3,9.8,6.2,12.3,2.3,0.9,16.2,27,,-0.4,0.4,0,-0.001,,-1.9,-0.3,-2.2,-0.1
191,Louie Nelson,SG,26,KCK,8,53,2.4,0.398,,0.786,1.9,3.9,2.9,11.1,1.7,1,29.8,19.3,,-0.2,0,-0.1,-0.117,,-4.6,-0.5,-5.1,-0.1
191,Louie Nelson,SG,26,NJN,25,353,14,0.463,,0.371,3.1,10.7,6.7,12.5,2.5,0.9,14.9,28.1,,-0.3,0.4,0.1,0.016,,-1.5,-0.3,-1.8,0
192,Johnny Neumann,SG,26,IND,20,216,7.4,0.442,,0.209,2.2,4.2,3.2,17.3,1.2,0.2,19,20.2,,-0.2,0.1,-0.1,-0.029,,-3.6,-1.4,-5,-0.2
193,Mike Newlin,SG,29,HOU,45,1181,16,0.511,,0.352,3.1,7.8,5.4,24.2,2.1,0.4,17.4,23.3,,1.5,0.3,1.8,0.073,,0.7,-0.9,-0.2,0.5
194,Norm Nixon,PG,22,LAL,81,2779,14.1,0.518,,0.161,1.6,7,4.4,26,2.2,0.1,19,18.5,,2.3,2.1,4.5,0.078,,-0.6,-0.3,-0.9,0.8
195,Willie Norwood,SF,30,TOT,35,611,8.2,0.463,,0.414,8.5,11.7,10.2,7,2.3,0.3,20.7,17.2,,-0.3,0.8,0.5,0.037,,-3.6,0,-3.5,-0.3
195,Willie Norwood,SF,30,DET,16,260,10.4,0.464,,0.354,11.1,10.7,10.9,7.1,2.2,0.6,15.2,16.4,,0.1,0.2,0.4,0.07,,-2.3,-0.1,-2.3,0
195,Willie Norwood,SF,30,POR,19,351,6.6,0.461,,0.465,6.7,12.5,9.6,6.9,2.4,0,24.6,17.8,,-0.4,0.5,0.1,0.012,,-4.5,0.1,-4.4,-0.2
196,Mark Olberding,PF,21,SAS,79,1773,12.1,0.557,,0.473,6.4,15.2,11,8.9,1.1,0.7,16.9,15.2,,2.5,1.4,3.9,0.105,,-1,-0.6,-1.5,0.2
197,Eddie Owens,SF,24,BUF,8,63,8.8,0.444,,0.286,8.6,8.5,8.5,11,0.7,0,11.3,16.9,,0,0,0,0.027,,-3.2,-0.6,-3.9,0
198,Tom Owens,C,28,POR,82,1714,17.4,0.546,,0.435,12.1,20.6,16.4,13,0.9,1.2,16.6,21.1,,3.4,2.6,6,0.169,,0.9,0,1,1.3
199,Joe Pace,C,24,WSB,49,438,13.7,0.528,,0.664,11.2,19.1,15.1,7,1.2,2.4,19.6,19.3,,0.3,0.6,0.9,0.102,,-2.3,0.6,-1.7,0
200,Robert Parish*,C,24,GSW,82,1969,17.2,0.499,,0.29,10.7,24.7,17.5,7,1.8,3.4,16.4,24.5,,0.4,3.6,4,0.098,,-1.4,0.4,-1,0.5
201,Sonny Parker,SF,22,GSW,82,2069,17.4,0.544,,0.221,8,11.1,9.5,10.6,3,0.9,13,18.7,,3.4,2.8,6.2,0.145,,1.5,1.1,2.7,2.4
202,Billy Paultz,C,29,SAS,80,2479,19.8,0.568,,0.313,7.6,20.4,14.3,11.5,0.7,3.8,13,20,,5.6,3,8.6,0.166,,2.2,0.7,2.9,3
203,Curtis Perry,PF,29,PHO,45,818,11.8,0.499,,0.267,10.8,20.8,15.7,7.3,1.8,1.4,18.8,15.2,,0.4,1.4,1.7,0.102,,-2.3,0.3,-2,0
204,Cliff Pondexter,PF,23,CHI,44,534,11.6,0.469,,0.235,7.4,19.1,13.3,21.1,1.7,1.5,24.2,9.4,,0.4,0.6,1,0.087,,0,2.2,2.2,0.6
205,Ben Poquette,PF,22,DET,52,626,10.6,0.461,,0.267,8.5,15.7,12.2,4.3,0.7,1.8,13.7,17.8,,0.1,0.5,0.6,0.049,,-2.1,-1.1,-3.3,-0.2
206,Howard Porter,SF,29,TOT,63,1323,17.4,0.528,,0.244,7,13.8,10.3,4.9,1,1.5,7.3,21.2,,2.8,1.1,3.9,0.142,,1.5,-0.8,0.8,0.9
206,Howard Porter,SF,29,DET,8,107,7,0.391,,0.163,5,11.6,8.3,2.5,1.2,2.4,9.8,18.3,,-0.1,0.1,0,-0.004,,-3.8,-0.4,-4.1,-0.1
206,Howard Porter,SF,29,NJN,55,1216,18.3,0.537,,0.25,7.2,14,10.4,5.1,0.9,1.4,7.1,21.5,,2.9,1,3.9,0.155,,2,-0.8,1.2,1
207,Kevin Porter,PG,27,TOT,82,2813,15.7,0.516,,0.303,1.8,5.8,3.7,41.6,1.9,0.3,23.1,20.4,,2.3,1.9,4.2,0.072,,0.7,-1,-0.3,1.2
207,Kevin Porter,PG,27,DET,8,127,13.3,0.504,,0.419,4.2,8.1,6.2,36.1,1.8,0,24.6,14.7,,0.2,0.1,0.2,0.091,,-1.5,-0.3,-1.9,0
207,Kevin Porter,PG,27,NJN,74,2686,15.8,0.516,,0.3,1.7,5.7,3.6,41.9,1.9,0.3,23.1,20.7,,2.1,1.8,4,0.071,,0.8,-1.1,-0.2,1.2
208,Jim Price,PG,28,TOT,83,1929,12.2,0.495,,0.258,3.1,10.6,7,18.1,2.6,0.2,19.3,17.9,,0.6,1.8,2.4,0.061,,-1.8,0.5,-1.3,0.3
208,Jim Price,PG,28,DEN,49,1090,11.2,0.517,,0.225,2.9,11.7,7.5,18.9,2.8,0.2,23.9,14.8,,0.1,1.1,1.3,0.056,,-2.2,0.9,-1.2,0.2
208,Jim Price,PG,28,DET,34,839,13.5,0.478,,0.284,3.4,9.1,6.3,17.1,2.4,0.3,15.3,22,,0.4,0.7,1.2,0.066,,-1.3,-0.1,-1.4,0.1
209,Ed Ratleff,SF,27,HOU,68,1163,11.5,0.452,,0.152,5,9.9,7.4,16.8,2.4,1,16.8,13.6,,0.5,0.5,1,0.042,,-0.8,0.9,0.1,0.6
210,Clifford Ray,C,29,GSW,79,2268,14.9,0.594,,0.511,10.4,23.9,17,8.3,1.5,2.1,20.5,12.7,,3.2,3.6,6.9,0.145,,-0.3,1.1,0.8,1.6
211,Robert Reid,SF,22,HOU,80,1849,11.3,0.475,,0.167,6.2,14.6,10.3,8.7,1.7,1.5,11.6,15,,1.4,0.9,2.3,0.061,,-1.6,0.3,-1.3,0.3
212,Kevin Restani,PF,26,TOT,54,547,9,0.443,,0.078,6.7,13.6,10.1,7,0.4,0.5,9,13.2,,0.3,0.2,0.5,0.044,,-1.4,-1.3,-2.7,-0.1
212,Kevin Restani,PF,26,MIL,8,84,10.8,0.45,,0.071,4.9,12.8,8.8,13.5,0,0.6,6.5,13.9,,0.1,0,0.1,0.055,,-2,-0.7,-2.7,0
212,Kevin Restani,PF,26,KCK,46,463,8.7,0.441,,0.079,7,13.7,10.4,5.8,0.5,0.5,9.4,13.1,,0.2,0.2,0.4,0.042,,-1.3,-1.4,-2.7,-0.1
213,Anthony Roberts,SF,22,DEN,82,1598,12.2,0.467,,0.288,9,13.4,11.3,9.4,1.1,0.2,12.5,22.7,,0.8,1.1,1.9,0.057,,-1.8,-2.2,-4,-0.8
214,Tony Robertson,SG,22,ATL,63,929,10.6,0.461,,0.139,1.7,6.7,4.1,16.8,3.7,0.3,17.9,21.3,,-0.7,1.2,0.5,0.024,,-3.5,1.2,-2.3,-0.1
215,Truck Robinson,PF,26,NOJ,82,3638,15.7,0.481,,0.34,8,25.8,17,6.8,0.9,1.1,13.5,23.3,,1.5,5,6.5,0.086,,-0.5,-0.9,-1.5,0.5
216,Bill Robinzine,PF,25,KCK,82,1748,13.6,0.512,,0.4,10.1,21.5,15.8,5.6,1.9,0.3,17.8,21.1,,1,2,3,0.082,,-1.8,-0.9,-2.7,-0.3
217,Dave Robisch,C,28,TOT,78,1277,12.8,0.466,,0.3,7.9,19.6,13.8,8.9,1.4,1.2,12.7,16.8,,0.9,1.4,2.3,0.086,,-0.8,-0.2,-1,0.3
217,Dave Robisch,C,28,IND,23,598,13,0.469,,0.354,7.5,21,14.1,10.6,1.5,1.3,14,15.3,,0.4,0.7,1.1,0.09,,-0.5,0.4,-0.1,0.3
217,Dave Robisch,C,28,LAL,55,679,12.6,0.465,,0.261,8.3,18.3,13.5,7.5,1.3,1,11.8,18.1,,0.4,0.7,1.2,0.083,,-1.1,-0.7,-1.8,0
218,Tree Rollins,C,22,ATL,80,1795,15.6,0.521,,0.285,10.5,23.4,16.7,6.3,1.5,7.2,17.1,15.8,,1.5,3.5,5,0.133,,-1.3,2.6,1.3,1.5
219,Dan Roundfield,PF,24,IND,79,2423,18,0.534,,0.348,10.8,21.7,16.1,11.4,1.5,3.2,16.3,18.4,,3.6,3.3,6.9,0.138,,1,0.9,1.9,2.4
220,Curtis Rowe,PF,28,BOS,51,911,9.7,0.5,,0.326,8.5,14.1,11.3,6.6,0.7,0.4,19.6,16.5,,0.2,0.7,0.9,0.046,,-2.1,-1,-3.1,-0.2
221,Campy Russell,SF,26,CLE,72,2520,18.2,0.509,,0.402,6.1,12.3,9.2,16.4,1.6,0.2,13,24.9,,4,2.6,6.6,0.127,,1.9,-0.2,1.7,2.3
222,Cazzie Russell,SF,33,CHI,36,789,11.6,0.479,,0.188,4.3,7.1,5.7,11.5,1.1,0.3,9.6,18.6,,0.8,0.3,1.1,0.07,,-0.7,-1.4,-2.1,0
223,Fred Saunders,SF,26,TOT,56,643,8.9,0.448,,0.154,5.9,10.9,8.5,9.7,1.5,1.1,14.4,17.4,,-0.1,0.6,0.5,0.039,,-3.1,0.2,-2.9,-0.2
223,Fred Saunders,SF,26,BOS,26,243,4.1,0.376,,0.187,4.7,10.6,7.7,6,1.3,0.8,16.9,18.9,,-0.5,0.2,-0.3,-0.05,,-5.3,-0.7,-6,-0.3
223,Fred Saunders,SF,26,NOJ,30,400,11.8,0.496,,0.133,6.6,11.1,8.9,12,1.6,1.2,12.7,16.4,,0.4,0.4,0.8,0.092,,-1.8,0.8,-1.1,0.1
224,Dale Schlueter,C,32,POR,10,109,6,0.464,,0.947,4.9,15,10,19.9,1.3,1,35.8,15.2,,-0.2,0.2,0,-0.006,,-3.9,0.7,-3.2,0
225,Alvin Scott,SF,22,PHO,81,1538,12.3,0.543,,0.518,8.9,15.1,11.9,6.9,1.5,1.3,15.8,13,,1.9,2.1,4,0.126,,-0.8,0.3,-0.5,0.6
226,Charlie Scott*,SG,29,TOT,79,2473,12.3,0.48,,0.262,2.6,7.5,5.1,20.6,2,0.3,17.7,21.2,,0.4,2,2.4,0.046,,-1.6,-0.3,-1.9,0.1
226,Charlie Scott*,SG,29,BOS,31,1080,12.3,0.469,,0.243,2.3,7.1,4.8,19.3,2.1,0.3,16.4,23,,-0.1,1,0.8,0.037,,-1.8,-0.3,-2,0
226,Charlie Scott*,SG,29,LAL,48,1393,12.3,0.49,,0.279,2.9,7.8,5.4,21.6,1.9,0.4,18.9,19.8,,0.5,1,1.6,0.053,,-1.4,-0.4,-1.8,0.1
227,Bruce Seals,SF,24,SEA,73,1322,10.3,0.455,,0.318,4.6,13.2,8.7,8.8,1.4,1.3,14.1,21.1,,-0.1,1.7,1.6,0.059,,-3.2,0.2,-3,-0.3
228,Lonnie Shelton,PF,22,NYK,82,2319,17.4,0.549,,0.279,9.3,16.5,12.9,11.4,2.1,2.5,17,21.8,,3.2,2.7,5.9,0.122,,0.4,0.5,0.9,1.7
229,Steve Sheppard,SF,23,CHI,64,698,11.5,0.48,,0.214,10.5,9.9,10.2,9.2,0.9,0.2,13.8,19.2,,0.5,0.3,0.8,0.054,,-0.7,-2.1,-2.8,-0.1
230,John Shumate,PF,25,TOT,80,2760,16,0.593,,0.657,6.1,19.8,13,8.8,1.5,1,18.9,17.2,,4.9,2.8,7.7,0.134,,0.9,0.1,1.1,2.1
230,John Shumate,PF,25,BUF,18,590,14.2,0.576,,0.656,5.9,17.3,11.6,13.4,1.1,0.8,19.1,16.3,,0.9,0.4,1.3,0.106,,0.4,-0.1,0.3,0.3
230,John Shumate,PF,25,DET,62,2170,16.5,0.597,,0.658,6.1,20.4,13.4,7.5,1.6,1,18.8,17.4,,4,2.4,6.4,0.142,,1.1,0.2,1.3,1.8
231,Jack Sikma*,C,22,SEA,82,2238,13.5,0.509,,0.328,8.5,22.9,15.4,8.3,1.4,1,17.8,17.8,,1.7,3.6,5.4,0.115,,-1.4,0.5,-0.9,0.6
232,James Silas,PG,28,SAS,37,311,13.3,0.565,,0.753,1.4,6.1,3.9,14.9,1.6,0.2,18.9,19.8,,0.5,0.1,0.6,0.095,,-1.4,-1.2,-2.6,0
233,Paul Silas,PF,34,SEA,82,2172,10.2,0.437,,0.401,13,18.4,15.6,8.5,1.4,0.4,21.8,12.2,,0,3,3.1,0.067,,-1.3,0.1,-1.2,0.4
234,Ralph Simpson,SG,28,TOT,64,1323,10.1,0.416,,0.181,4.3,8,6.2,16.5,2.5,0.3,16.9,21.6,,-1.3,1.1,-0.2,-0.007,,-2.8,-0.7,-3.4,-0.5
234,Ralph Simpson,SG,28,DET,32,739,11.7,0.454,,0.185,3.9,7.7,5.8,16.8,1.9,0.2,17.3,23.4,,-0.3,0.5,0.2,0.012,,-1.8,-1.3,-3.2,-0.2
234,Ralph Simpson,SG,28,DEN,32,584,8.1,0.357,,0.174,4.7,8.3,6.6,16,3.3,0.3,16.2,19.3,,-1,0.6,-0.4,-0.032,,-3.9,0.2,-3.7,-0.3
235,Scott Sims,PG,22,SAS,12,95,5.2,0.46,,0.577,5.8,8.5,7.2,24.7,1.4,0,36.8,21,,-0.2,0.1,-0.2,-0.088,,-4.5,-1.2,-5.7,-0.1
236,Al Skinner,SG,25,TOT,77,1551,10.6,0.525,,0.416,4.5,10.4,7.4,12.5,1.9,0.7,21.8,18.1,,0.5,1.3,1.8,0.055,,-2.6,0,-2.6,-0.2
236,Al Skinner,SG,25,NJN,8,277,13.3,0.503,,0.436,4.7,14,9.1,16,2,0.9,19.4,19.9,,0.1,0.3,0.4,0.073,,-1.4,0.5,-0.9,0.1
236,Al Skinner,SG,25,DET,69,1274,10,0.531,,0.411,4.4,9.6,7.1,11.8,1.8,0.6,22.4,17.7,,0.4,1,1.3,0.051,,-2.8,-0.1,-2.9,-0.3
237,Bingo Smith,SG,31,CLE,82,1581,14.3,0.47,,0.161,4.1,9.2,6.6,8.9,1.1,0.7,8.3,24.6,,1.2,1.3,2.5,0.076,,-0.5,-1,-1.4,0.2
238,Elmore Smith,C,28,CLE,81,1996,19.9,0.534,,0.382,8.9,25.6,17.2,4.2,1.2,4.6,13,21.6,,3,3.8,6.8,0.164,,0.6,1.4,2,2
239,Phil Smith,SG,25,GSW,82,2940,16.5,0.522,,0.283,3.4,7.1,5.2,19.6,1.7,0.5,14.7,24.1,,3.8,2.5,6.3,0.102,,1,-0.7,0.3,1.7
240,Randy Smith,SG,29,BUF,82,3314,19.1,0.521,,0.326,3.6,6.4,5,22.2,2.4,0.2,12.8,26.8,,6.1,1.7,7.9,0.114,,2.2,-0.7,1.5,2.9
241,Robert Smith,PG,22,DEN,45,378,10.9,0.562,,0.247,1.7,7.9,4.9,13.5,2.1,0.4,15.7,12.9,,0.5,0.3,0.8,0.097,,-2.1,0.7,-1.4,0.1
242,Willie Smith,PG,24,IND,1,7,2,,,,0,0,0,16.2,0,0,,0,,0,0,0,0.034,,-4.5,0,-4.5,0
243,Dick Snyder,SG,33,CLE,58,660,12,0.5,,0.254,1.4,6.2,3.8,12,1.6,1.5,14.6,19.7,,0.3,0.6,0.9,0.067,,-1.7,0.5,-1.2,0.1
244,Ricky Sobers,PG,25,IND,79,3019,15.4,0.514,,0.328,2.9,7.8,5.3,27.7,2.5,0.4,20.1,21.8,,2.4,2.4,4.8,0.076,,0.1,-0.4,-0.3,1.3
245,Kevin Stacom,SG,26,BOS,55,1006,12,0.452,,0.147,2.7,7.9,5.4,16.3,1.3,0.2,11.8,22.5,,0.1,0.7,0.8,0.038,,-1.3,-1,-2.3,-0.1
246,Larry Steele,SG,28,POR,65,1132,13.8,0.519,,0.273,3.2,7.1,5.2,10.7,2.4,0.2,11.6,19.8,,1.6,1.4,3,0.127,,-1,0.8,-0.3,0.5
247,Earl Tatum,SG,24,TOT,82,2522,14.7,0.5,,0.18,3.1,8.5,5.8,16.9,2.5,0.8,13.6,20.5,,2.2,2.2,4.4,0.085,,-0.4,0.6,0.2,1.4
247,Earl Tatum,SG,24,LAL,25,663,15.9,0.516,,0.188,3.7,10,6.9,14.8,2.5,0.8,13.5,23.1,,0.7,0.7,1.4,0.099,,-0.3,0.5,0.2,0.4
247,Earl Tatum,SG,24,IND,57,1859,14.2,0.493,,0.177,2.9,8,5.4,17.6,2.5,0.8,13.6,19.5,,1.5,1.5,3.1,0.079,,-0.4,0.6,0.2,1.1
248,Brian Taylor,PG,26,DEN,39,1222,11.6,0.498,,0.285,2.6,5.5,4.1,14.5,2.6,0.4,14.5,16.6,,0.9,0.9,1.8,0.071,,-1.8,0.3,-1.4,0.2
249,Claude Terry,SG,28,ATL,27,166,6.9,0.405,,0.162,1.9,8.1,4.9,6.1,1.7,0,9.9,19.6,,-0.2,0.1,0,-0.008,,-4,-0.8,-4.8,-0.1
250,David Thompson*,SG,23,DEN,80,3025,23.2,0.578,,0.422,5.5,7.7,6.6,19.3,1.3,1.7,11.5,26.8,,10.8,1.9,12.7,0.202,,5.5,-0.7,4.8,5.2
251,Dean Tolson,PF,26,SEA,1,7,-7.1,0,,0,0,0,0,32.8,0,0,50,10.9,,0,0,0,-0.196,,-4.8,0.1,-4.7,0
252,Rudy Tomjanovich*,SF,29,HOU,23,849,17.1,0.513,,0.181,4.9,12.6,8.6,5.9,0.8,0.3,7.3,24.4,,1.6,0.1,1.7,0.095,,1.7,-2.3,-0.5,0.3
253,Dave Twardzik,PG,27,POR,75,1820,14.3,0.651,,0.572,2.1,5.5,3.8,17.5,2.7,0.1,23.6,14.5,,3.2,2.3,5.5,0.146,,-0.2,1.3,1.1,1.4
254,Wes Unseld*,C,31,WSB,80,2644,14.4,0.535,,0.352,10.6,25.2,17.9,15.3,1.6,0.8,23.4,10.5,,2.8,3.9,6.8,0.123,,1,2,2.9,3.3
255,Jan van Breda Kolff,SF,26,NJN,68,1419,7.5,0.435,,0.421,4.3,12.8,8.3,9.1,1.6,1.7,17.4,10.9,,-0.2,1.4,1.2,0.04,,-3.3,1.1,-2.2,-0.1
256,Norm Van Lier,PG,30,CHI,78,2524,11.7,0.495,,0.48,3.7,8.5,6.1,27.6,2.7,0.1,25.7,12.4,,1.8,2,3.8,0.073,,-1.3,0.7,-0.6,0.9
257,Foots Walker,PG,26,CLE,81,2496,14.2,0.496,,0.345,3.1,8.9,6,23.7,3.3,0.5,19.7,14.6,,1.9,3.4,5.2,0.101,,-1,2.1,1.1,1.9
258,Phil Walker,SG,21,WSB,40,384,9,0.438,,0.596,5.4,8,6.7,18.6,1.6,0.6,23.4,26,,-0.7,0.3,-0.4,-0.045,,-3.2,-1.4,-4.6,-0.3
259,Wally Walker,SF,23,TOT,77,1104,12.2,0.47,,0.26,7.7,12.7,10.1,10.1,1.1,0.5,13,20.5,,0.7,1.2,1.9,0.084,,-1.2,-0.6,-1.8,0
259,Wally Walker,SF,23,POR,9,101,9.5,0.483,,0.195,7.4,10.1,8.8,11.1,0.9,0,19.8,21.7,,0,0.1,0.1,0.024,,-3,-0.8,-3.8,-0.1
259,Wally Walker,SF,23,SEA,68,1003,12.5,0.469,,0.267,7.8,12.9,10.2,10,1.1,0.5,12.3,20.3,,0.7,1.1,1.9,0.09,,-1.1,-0.6,-1.6,0.1
260,Bill Walton*,C,25,POR,58,1929,24.8,0.554,,0.279,6.5,34.2,20.7,22.8,1.4,4.1,17.2,24.5,,3.6,4.8,8.4,0.209,,4.4,3.7,8.1,4.9
261,Lloyd Walton,PG,24,MIL,76,1264,11.3,0.476,,0.241,2.1,4.3,3.2,24.1,2.7,0.5,21.9,14.6,,0.3,0.8,1.1,0.04,,-1.4,-0.1,-1.4,0.2
262,Kermit Washington,PF,26,TOT,57,1617,17.4,0.54,,0.485,14,24.4,19.4,5.9,1.3,2,14.8,17.4,,2.9,2.4,5.3,0.158,,0.9,-0.1,0.8,1.1
262,Kermit Washington,PF,26,LAL,25,751,15.1,0.492,,0.451,15.5,22.2,19,5,1.1,1.6,15.3,18,,0.8,1,1.7,0.111,,0,-1.4,-1.4,0.1
262,Kermit Washington,PF,26,BOS,32,866,19.3,0.582,,0.517,12.6,26.4,19.7,6.7,1.5,2.4,14.3,16.9,,2.1,1.4,3.6,0.199,,1.7,1,2.7,1
263,Richard Washington,PF,22,KCK,78,2231,14.2,0.511,,0.223,8.6,21.4,15,7.4,1.5,1.7,16.3,20,,1.3,2.6,3.9,0.085,,-1.1,-0.2,-1.3,0.4
264,Wilson Washington,PF,22,TOT,38,561,11.4,0.499,,0.257,8.3,19.2,13.5,2.5,1.4,3.4,21.6,19.3,,-0.5,0.8,0.3,0.026,,-3.3,0.2,-3.1,-0.2
264,Wilson Washington,PF,22,PHI,14,38,5.5,0.439,,0.316,5.5,30.9,18.7,3.7,1.2,2.7,31.6,31.5,,-0.2,0.1,-0.1,-0.184,,-5.4,-0.4,-5.8,-0.1
264,Wilson Washington,PF,22,NJN,24,523,11.9,0.506,,0.251,8.5,18.3,13.2,2.4,1.4,3.5,20.3,18.4,,-0.3,0.7,0.4,0.041,,-3.2,0.2,-2.9,-0.1
265,Slick Watts,PG,26,TOT,71,1584,10.9,0.423,,0.28,3.7,7.6,5.6,24.8,3.1,1,21.1,19.1,,-1.3,2.1,0.8,0.025,,-2.6,1.3,-1.4,0.2
265,Slick Watts,PG,26,SEA,32,809,9.3,0.423,,0.195,2.5,7.9,5.1,22.4,3,0.9,23.8,18.2,,-1,1.2,0.2,0.009,,-3.5,1.2,-2.3,-0.1
265,Slick Watts,PG,26,NOJ,39,775,12.7,0.423,,0.36,4.9,7.2,6.1,27.3,3.1,1.1,18.7,19.9,,-0.3,0.9,0.7,0.041,,-1.7,1.3,-0.4,0.3
266,Nick Weatherspoon,SF,27,CHI,41,611,10.5,0.492,,0.216,10.2,12.1,11.1,7.5,1.5,0.9,18.7,17.3,,0.2,0.4,0.6,0.049,,-1.7,-1,-2.7,-0.1
267,Marvin Webster,C,25,SEA,82,2910,17,0.543,,0.542,12.1,24.6,18.1,9.6,0.8,3,19.6,17.2,,3.7,5,8.7,0.143,,0.7,0.8,1.5,2.6
268,Scott Wedman,SF,25,KCK,81,2961,15.9,0.55,,0.213,5,11.1,8,9.7,1.5,0.4,10.8,18.8,,6,1.9,7.8,0.127,,1.3,-0.5,0.8,2.1
269,Paul Westphal*,SG,27,PHO,80,2481,23.8,0.565,,0.311,1.7,5.2,3.4,28.5,2.4,0.6,13.6,30.9,,6.9,2.9,9.8,0.19,,4.7,0,4.7,4.2
270,Jo Jo White*,PG,31,BOS,46,1641,11.9,0.458,,0.174,3.4,7.7,5.6,18.1,1.4,0.2,13.6,20.3,,0.6,1.1,1.7,0.049,,-1.1,-0.7,-1.8,0.1
271,Rudy White,SG,24,HOU,21,219,6.4,0.409,,0.212,3.8,6.5,5.1,13.4,1.7,0,19.1,20.9,,-0.3,0,-0.3,-0.07,,-4.2,-1.5,-5.7,-0.3
272,Sidney Wicks,PF,28,BOS,81,2413,13.9,0.505,,0.355,9.6,18.5,14.2,10.1,1.3,1,17.4,20.8,,1.4,2.8,4.2,0.084,,-1,-0.1,-1.1,0.5
273,Bob Wilkerson,SF,23,DEN,81,2780,10,0.448,,0.224,3.8,13.4,8.8,20.9,2,0.4,22.2,18.2,,-1.9,2.6,0.7,0.011,,-2.5,-0.3,-2.8,-0.6
274,Jamaal Wilkes*,SF,24,LAL,51,1490,16.1,0.475,,0.235,8,17.7,13,16.1,2.3,0.7,13.3,21,,1.3,2,3.3,0.106,,0.5,0.6,1.1,1.2
275,Chuck Williams,PG,31,BUF,73,2002,9.5,0.533,,0.317,1.6,5.8,3.7,20.9,1.1,0.1,23.9,13,,1,0.3,1.3,0.031,,-1.6,-1.3,-3,-0.5
276,Gus Williams,PG,24,SEA,79,2572,18.1,0.491,,0.208,3.1,7.1,5.1,18,3.3,0.9,11.5,24.4,,3.8,3.9,7.7,0.143,,1.2,1.9,3.1,3.3
277,Nate Williams,SG,27,TOT,73,1249,14.8,0.466,,0.167,5.1,11.1,8.1,9,2.1,1.4,9.6,26.7,,0.4,1.5,1.9,0.073,,-1.3,-0.2,-1.6,0.1
277,Nate Williams,SG,27,NOJ,27,434,14.4,0.458,,0.173,6.1,13.7,10,11.3,2.1,1.4,9.8,22.3,,0.3,0.5,0.8,0.091,,-1.2,0.7,-0.5,0.2
277,Nate Williams,SG,27,GSW,46,815,15,0.47,,0.165,4.6,9.7,7.1,7.8,2,1.4,9.6,29.1,,0.1,0.9,1.1,0.063,,-1.4,-0.8,-2.1,0
278,Ray Williams,PG,23,NYK,81,1550,14.5,0.485,,0.3,5.8,8.1,7,30.9,3,0.5,23.7,25,,-0.4,1.4,1,0.031,,-0.7,-0.7,-1.3,0.3
279,John Williamson,SG,26,TOT,75,2731,15.1,0.488,,0.237,2.3,5.9,4,12.5,1.5,0.2,11.1,27.9,,2,1.4,3.4,0.059,,-0.2,-1.6,-1.7,0.2
279,John Williamson,SG,26,IND,42,1449,12,0.464,,0.203,2.2,5.9,4,14,1.4,0,12.8,25.8,,0,0.6,0.6,0.021,,-1.9,-2,-3.9,-0.7
279,John Williamson,SG,26,NJN,33,1282,18.5,0.509,,0.269,2.3,6,4,10.9,1.6,0.4,9.6,30.4,,2,0.8,2.8,0.103,,1.8,-1.1,0.7,0.9
280,Bill Willoughby,SF,20,BUF,56,1079,10.9,0.472,,0.22,7.6,14.1,10.9,4.9,1,2.3,12.3,16.8,,0.4,0.7,1.2,0.051,,-1.9,-0.6,-2.5,-0.1
281,Bobby Wilson,SG,27,IND,12,86,6.6,0.402,,0.083,6.6,7,6.8,12.9,1,0.6,13.9,18.9,,-0.1,0,0,-0.015,,-4,-0.6,-4.6,-0.1
282,Brian Winters,SG,25,MIL,80,2751,16.4,0.503,,0.201,3.3,6.4,4.8,20.2,2,0.5,13,25.1,,3.7,1.4,5.1,0.089,,0.6,-1.2,-0.6,1
283,Willie Wise,SF,30,SEA,2,10,-5.9,0.105,,1.333,19.5,10.6,15.3,0,0,0,0,18.1,,-0.1,0,0,-0.208,,-4.8,-0.4,-5.2,0
284,Dave Wohl,PG,28,NJN,10,118,1.5,0.446,,0.353,0.8,2.6,1.6,14,1.1,0,28.9,17.3,,-0.2,0,-0.2,-0.079,,-5.8,-1,-6.9,-0.2
285,Larry Wright,PG,23,WSB,70,1466,13.7,0.52,,0.188,2.1,4.8,3.4,25,2.1,0.5,17.8,19.3,,1.5,1.2,2.7,0.088,,-0.8,0.2,-0.7,0.5